Original_Article,cleaned_Article
retailers maker food marketed weight loss type company could see knockon effect rise diabetes weight loss drug like ozempic every summer publicly traded company posted secondquarter result americans baring body beach year timing apt several earnings call august chief executive reassured investor ozempic revolution left dust could somehow share blazing success new diabetes weight loss drug “it put u good position solution drugs” said dan r chard chief executive medifast make diet product like shake protein bar adding “they’re looking guidance” told analyst even explaining newgeneration drug helped pummel earnings 347 percent year year “we continue study this” michael johnson chief executive nutritional supplement maker herbalife told investor “and see opportunity capitalize will” theory opportunity — making profit losing fortune — could vast company behind drug also completely different industry known glp1 drug medication already driving big profit novo nordisk make ozempic approved type 2 diabetes close relative wegovy approved weight loss mimic glucagonlike peptide regulates appetite brain leaving people feeling sated hour together helped send novo’s earnings rocketing 32 percent first half year novo’s market value larger entire danish economy eli lilly’s sale surged 28 percent second quarter thanks another diabetes drug mounjaro food drug administration may approve weight loss year full potential isn’t even clear yet market weight loss drug huge roughly 750 million obese people worldwide including 42 percent adult united states obesityrelated illness incur billion dollar health care cost year novo say glp1 drug could eventually us like helping prevent cardiovascular disease among obese adult sign could treat addiction even alzheimer’s “the market potential significant” novo’s chief financial officer karsten knudsen told visited company june “we’re operating kind unusual territory” ripple effect widening retailers like walmart kroger rite aid say glp1 prescription bringing people store make purchase walmart’s chief executive doug mcmillon told analyst august executive “expect consumables health wellness primarily due popularity glp1 drug grow percent total” medtronic’s chief executive geoff martha said company seen “modest” dip bariatric surgery presumably people opted weight loss drug instead analyst believe drug could disrupt american diet “if you’re eating fast food every day you’ll probably continue eat fast food every day” james van geelen citrinas capital management said bloomberg’s “odd lots” podcast “you eat lot le it” still room approach fighting obesity “these drug game changer asterisk” said david ludwig obesity specialist pediatrics professor harvard medical school drug come long list side effect “even reduce weight across population drug it’s going eliminate risk poor diet” flush cash novo agrees “we need looking what’s next thing” executive vice president commercial strategy camilla sylvest told june company launched obesity prevention unit near copenhagen research stop disease people need take drug lose weight — vivienne walt us labor market begin look like old self employers added 187000 job august labor department reported friday unemployment rose 38 percent economy continued lose momentum built pandemic lockdown commerce secretary gina raimondo visit china tricky task promoting trade two superpower holding firm technology export limit imposed name american national security two country agreed create new dialogue including working group commercial issue white house name first drug set medicare price negotiation longawaited list 10 medicine subject landmark new program meant reduce cost medicare drugmakers pushed back plan including court republicans criticized initiative government overreach ubs report 29 billion quarterly profit asterisk huge gain — biggest banking history — stem bank’s acquisition rival credit suisse spring 32 billion steep discount skewing ubs’s result belies challenge ubs face move complete largest takeover bank since 2008 financial crisis emily weiss stepped last year chief executive glossier skin care beauty brand founded 2014 called end “girlboss” archetype — mediasavvy female founder venturedarling millennialfocused startup — propelled “girlboss” nasty girl founder sophia amoruso’s 2014 memoir glossier directtoconsumer model voicey website changed way woman buy makeup eventually passing 1 billion valuation brand stumbled struggled move brickandmortar retail faced criticism retail employee alleged toxic racist working environment shelved project like makeup line departed dewy barelythere look dealbook spoke marisa meltzer author upcoming book “glossy ambition beauty inside story emily weiss’s glossier” lesson might glean weiss girlboss movement interview edited condensed clarity contextualize girlboss movement pretty offensive diminutive one except sophia calling girlboss also something benefited attracted interest way get press business wasn’t typical thing female founder ceos sometimes like fashion spread big debate time whether press would covered scandal company like outdoor voices man repeller glossier differently men helm think think bit thirst blood woman propped way kind annoying — i’m sure annoying company real problem like sued firing pregnant employee company like glossier accusation workplace largely retail employee wasn’t ideal that’s different criminal behavior reality company weren’t woman helm weren’t making mistake also didn’t level success happens glossier glossier seems taken time since emily stepped reevaluate decided really belatedly go retail launched sephora last february larger task they’re trying make company better shape exit,retailers maker food marketed weight loss type company could see knockon effect rise diabetes weight loss drug like ozempic every summer publicly traded. The company is expected to be valued between $1 billion and $2 billion by the end of the year. The stock is currently trading at around $9 a share.
move ozempic — there’s new drug town eli lilly’s zepbound active ingredient tirzepatide approved food drug administration use obese overweight adult least one weightrelated health complication like type 2 diabetes high blood pressure high cholesterol tirzepatide sold mounjaro already approved treating type 2 diabetes since may 2022 patient prescribed drug chronic weight management “obesity overweight serious condition associated leading cause death heart disease stroke diabetes” dr john sharretts director division diabetes lipid disorders obesity fda’s center drug evaluation research said statement “in light increasing rate obesity overweight united states today’s approval address unmet medical need” approximately 70 americans overweight obese according fda worrying report published world obesity federation year projected half world’s population could overweight obese 2035 however fda report dropping 5 10 overall body weight lower risk developing heart disease result — cue weight management drug help people lose stubborn pound diet exercise alone fail “unfortunately despite scientific evidence contrary obesity often seen lifestyle choice – something people manage themselves” dr leonard glass senior vice president global medical affair lilly diabetes obesity said statement “lilly aiming eliminate misperceptions disease transform managed” zepbound approved wednesday shown effective chronic weight management drug combination lifestyle change like diet exercise activating receptor two hormone — glucagonlike peptide1 glp1 glucosedependent insulinotropic polypeptide gip — suppress appetite thereby curbing food intake side effect weekly injectable include nausea vomiting abdominal discomfort pain fatigue diarrhea constipation burping hair loss acid reflux allergic reaction trial drug caused thyroid ccell tumor rodent although unknown whether zepbound result cancer human according drug’s manufacturer zepbound expected available americans end year list price approximately 1059 eli lilly estimate 20 le rival semaglutide otherwise known novo nordisk’s ozempic wegovy cost staggering 1300 demand weight loss cureall soar led market dangerous counterfeit dupe landed desperate user hospital despite pressure medication access “it improve change insurance coverage” limited explained dr angela fitch chief medical officer weightinclusive healthcare company knownwell “it remains problem obesity treated carve condition instead standard benefit despite fact chronic condition” told post statement “we’re hopeful continued advocacy advancement science data continue see improved access lifechanging medication”,"move ozempic — there’s new drug town eli lilly’‘s zepbound active ingredient tirzepat. The drug town is called Ozempic. The town is located in the town of Eli, in the state of Mississippi."
sept 14 reuters bristol myers squibb bmyn said thursday plan double number treatment testing clinical trial focus cell therapy next 18 month contends increasing generic competition two topselling drug drugmaker currently six candidate trial advance six research pipeline including three cell therapy target immune system disorder different type cancer new yorkbased company pressured declining demand two top drug blood cancer treatment revlimid blood thinner eliquis face generic competition bristol partner pfizers pfen blood thinner eliquis also list 10 drug subject firstever price negotiation us medicare health program company recently received regulatory approval new cell therapy manufacturing facility devens massachusetts bristol said continue expanding manufacturing capacity bristol already two approved cell therapy us breyanzi abecma targeting different blood cancer indication said plan continue development treatment disease lupus erythematosus multiple sclerosis drugmaker hosting rd day thursday executive expected provide detail company research strategy,Bristol Myers Squibb to double number of treatment testing clinical trial focus cell therapy. The drug is being developed by Bristol-Myers Squibbs and Myers-Squibb. The company is also developing a cancer drug called    Bristol-Meyer Bixby.
austin wolcott 18 year old pretty sure wouldn’t survive year summer 2020 wolcott given disheartening news stage 4 classical hodgkin’s lymphoma he’d battling year back despite aggressive chemotherapy briefly sent cancer remission malignancy spread vertebra doctor bone marrow transplant clinic chapel hill north carolina idea would wolcott willing try relatively new experimental treatment something called cart therapy “i didn’t feel especially hopeful willing try anything may help” say wolcott everything cart “sounded like something sciencefiction movie” say “it portrayed cancerseeking missile knew exactly go do” description isn’t hyperbolic say dr michael chu oncologist who’s leading cart clinical trial cross cancer institute edmonton alberta cart therapy basically boil building cell outsmart cancer beating game “cancers aren’t supposed develop humans” chu explains “our tcells capable recognizing killing mutated cell happens” cancer especially sneaky “they hide identifying barcodes tcells can’t see them” cart therapy patient’s tcells—white blood cell fight viruses—are removed body genetically edited “a new barcode reader hence name chimeric antigen receptor car” chu say new improved cancerkilling canceridentifying machine returned body ready start allout cellular war imagine tcells miniterminators without arnold schwarzenegger’s accent although doubtful wolcott took chance trial received first cart infusion nov 6 2020 “the side effect minor body aches” say within day cancer retreating month later gone “as today two year eight month 26 day remission” say cart therapy may household name yet it’s cusp revolutionizing cancer treatment since first approved fda advanced leukemia 2017—thenfda commissioner scott gottlieb called “a new frontier medical innovation”—the science jumped leap bound six cart therapy available various blood cancer used target everything lymphoma leukemia myeloma still clinical trial stage 2022 report university philadelphia found two three patient treated cart therapy chronic lymphocytic leukemia decade later still remission “so many patient miraculously cured cart” say dr john f dipersio chief division oncology washington university st louis he’s even watched medical colleague cancer surgeon come close death lymphoma complete recovery thanks cart science around cart come long way since ‘90s immunologist like dr michel sadelain first trying convince peer genetically engineered tcells technology worth exploring “in beginning ‘why would one bother engineer cells’ later ‘this work’” say sadelain recently awarded breakthrough prize along university pennsylvania immunologist carl june work cart therapy “after demonstrated feasibility efficacy mouse 2003 ‘this work humans’” idea “ran contrary common approach stimulate tcells based vaccines” say sadelain enough persistence remarkable early trial result skepticism turned excitement therapy worked miracle patient many others nothing reason still aren’t clear “tumors evolve way suppress immune system” say dr brian brown director icahn genomics institute mount sinai new york city “for example cancer flip switch tcells turn put brake tcells” tcells outsmart cancer cell game still investigated there’s also problem cytokine pesky molecule released cart cell promote inflammation lead dangerously high fever vomiting organ failure recent research dr michael mitchell associate professor school engineering applied science university pennsylvania developed new method “essentially stop cytokine release cart therapy” say cells treated sugar injected polymer called polyethylene glycol creates mitchell call “suit armor” around tcells preventing cytokine release mitchell feel hopeful new technology won’t make difference current cart therapy might even demonstrate “potential address grand challenge face using cart cell treat solid tumors” solid tumor comprise majority cancers—like breast colon lung cancer — far eluded cart therapy “blood cancer easier attack car tcells” say chu “they’re essentially blood car tcells first introduced car tcells ‘find’ solid tumor crossing blood organ soft tissues” manipulating tcells super car tcells — “armored” cell mitchell developing—might key finally making cart feasible option attacking solid cancer there’s issue cost outofpocket infusion price range 375000 475000 per person many insurance provider pay least bill — medicare instance reimburses around 65 treatment cost — that’s procedure side effect like high fever severe nausea trouble breathing keep cart patient intensive care week walked away 1 million debt “the cost must come down” say dipersio obvious way reducing regulatory mandate fda — dipersio think unlikely happen — developing “offtheshelf” therapy use engineered cell third party rather patient’s tcells big pharma company like astrazeneca novartis already conducting trial offtheshelf technology another development could affect staggering cost transforming treatment lengthy costly hospital visit outpatient procedure say brown “the goal scenario patient come injected dna rna turn fraction patient’s cell cart cell go kill cancer cell would big impact cost” despite hurdle many involved cart cell research cautiously optimistic technology heading “this tip iceberg” say chu “there car tcells shown significant activity glioblastoma multiforme — common brain cancer including one killed senator john mccain—and form muscle bone cancers” brown say cart therapy potential used beyond cancer like inflammation autoimmune disease “and possibly even treat aging” say “it’s science fiction thing already demonstrated animal model eventually move humans” though seismic shift won’t happen overnight—“outside pandemic medicine move slowly” brown say — it’s still remarkable they’ve achieved far made brown believe therapy something special — “we’re living minute big bang” put —are statistic “it’s common u read result clinical trial new drug squint see difference” say “you read drug extended life sick patient sixmonth survival eightmonth survival” cart say number startling “they’re reporting remission year don’t radiologist see difference tumor mass hadn’t shrunk completely gone patients” wolcott who’s 22 living wife—whom met soon got sick — greensboro nc he’s still shock cancer thought would kill remains moment rearview mirror “the day found officially remission felt like first day life” say salute 1000 day cancerfree wolcott celebrated trip september blue ridge rock festival standing dancing hour blazing southern sun would’ve unthinkable wolcott year ago “there time treatment felt like i’d spend rest life locked inside” wolcott say “every day i’m alive world feel grateful”,"austin wolcott 18 year old pretty sure wouldn’t survive year summer 2020. wolott given disheartening news stage at a press conference in Washington, D.C. on Monday. The 18-year-old was taken to a local hospital in a critical condition. He was later pronounced dead."
cancer often referred “emperor maladies” unyielding adversary present formidable challenge global health complex amalgamation disease unique characteristic making treatment continuous arduous battle healthcare professional patient everevolving landscape cancer therapeutic one name carving unique space innovative solution cytomed therapeutics equipped novel disruptive approach blend advanced cellular science cuttingedge biotechnology cytomed championing revolution aiming transform battlefield cancer treatment mission finding effective solution also making solution accessible affordable thereby addressing one significant barrier cancer care prohibitive cost journey cytomed encapsulates determined stride towards breaking barrier changing narrative bringing hope million affected cancer globally cancer umbrella term multitude disease characterized uncontrolled growth spread cell stand testament biological complexity conglomerate disease unique genetic mutation cellular interaction response external factor put forth staggering level intricacy making considerable challenge formulate execute effective treatment complexity confined biological dimension also extends socioeconomic aspect cancer care diverse range cancer subtypes distinct biological characteristic necessitates development plethora therapy tailored target specific cancer type stage approach potentially effective inevitably inflates cost research development production therapy thereby driving overall cost cancer treatment adding equation cancer’s relentless nature often demand longterm intensive treatment escalating financial burden patient healthcare system financial toxicity associated cancer treatment significant often pose insurmountable barrier access making potentially lifesaving treatment unattainable many patient context dr wee kiat tan chief operating officer cytomed therapeutics underline profound truth saying could best solution disease treatment affordable going sentiment highlight inherent challenge cancer treatment also brings fore core philosophy cytomed therapeutics – develop effective also affordable solution cancer ongoing war cancer chimeric antigen receptor tcell cart therapy emerged revolutionary ally leveraging body immune system fight cancer cart therapy unlocked new avenue hope countless patient groundbreaking treatment modality involves genetically modifying patient cell recognize destroy cancer cell effectively turning immune system potent precise weapon disease cart therapy represents personalized approach cancer treatment particularly effective blood cancer like leukemia lymphoma result various clinical trial compelling patient achieving complete remission term rarely associated advancedstage cancer however despite transformative potential cart therapy set challenge firstly cost associated therapy exceptionally high largely cart therapy custommade patient involving complex process extraction genetic modification reinfusion cell high degree customization requires specialized lab sophisticated technology skilled personnel contribute overall cost patientspecific nature cart therapy mean cannot massproduced stored future use raise scalability issue particularly attempting treat large number patient addition time taken cell extraction reinfusion span several week duration patient condition potentially deteriorate light hurdle associated traditional cart therapy cytomed therapeutics offering potentially gamechanging alternative biotechnology company pioneered “one product many patients” approach strategy eliminates need patientspecific customization thereby addressing critical limitation traditional cart therapy core cytomeds strategy gamma delta cell subgroup cell derived healthy donor gamma delta cell long underappreciated part immune system recent research begun shed light potential unlike cell gamma delta cell recognize wide array cancer without need complex genetic modification conventionally prerequisite cart therapy universal applicability cell allows cytomed create “offtheshelf product significant departure traditional cart model eliminating need patientspecific customization cytomeds approach reduce cost logistical complexity associated therapy essence company working democratize access advanced cancer therapy making accessible broader patient population allowing largescale production therapy cytomeds model stand significantly reduce cost associated cart treatment could potentially transform cart therapy highcost lowvolume treatment affordable highvolume option shift could revolutionize cancer treatment “one product many patients” paradigm successfully implemented could mark significant stride evolution cart therapy making potent form immunotherapy universally applicable cytomeds approach could help bring promise cart therapy larger patient population critical step forward making cancer treatment equitable affordable effective cytomeds relentless drive innovation continues break new ground cart therapy ongoing research potential advancement enhancing efficiency gamma delta cell extraction refining precision targeting capability actively pursued vision future highquality cancer therapy privilege standard accessible grows ever closer cytomeds ongoing effort dr tan passionately sum aspiration good solution make affordable,cancer often referred “emperor maladies’ unyielding adversary present formidable challenge global health complex amalgamation disease unique characteristic making treatment difficult. Cancer often referred to as ‘emperors mal ailments’ and ‘the emperor of disease’. ‘The Emperor of Disease’ is a term used to refer to a variety of cancers.
nov 28 reuters us food drug administration fda said tuesday investigating cancer therapy made company gilead sciences gildo johnson johnson jnjn risk hospitalization death due serious safety issue fda said received report tcell malignancy refer group blood disorder including lymphoma leukemia treatment cart therapy chimeric antigen receptor tcell therapy approved cancer therapy class include bristol myers squibbs bmyn breyanzi partnered therapy abecma 2seventy bio tsvto jj unit janssen legend biotechs legno carvykti novartis ags novns kymriah gileads unit kites tecartus yescarta also part investigation shares gilead marginally legends stock fell 42 afternoon trading autolus therapeutics autlo also developing cart therapy nearly 12 rbc analyst said note believed concern could higher novartis kymriah extremely rare marketed carts gilead said cooperated fda request analysis company data adding evidence treatment either two therapy causal role development new malignancy confident overall safety profile tecartus yescarta gilead told reuters emailed statement cart therapy chimeric antigen receptor tcell therapy generally involve extracting diseasefighting tcells patient reengineering attack cancer infusing back body jj bristol myers novartis immediately respond reuters request comment patients clinical trial participant receiving treatment product monitored lifelong new malignancy fda said,"Food drug administration fda said t Tuesday investigating cancer therapy made by gilead sciences. Fda said it is investigating whether the therapy is safe and effective for humans. Gilead Sciences is a subsidiary of the drug giant Pfizer, which is under fire for its treatment of cancer."
nov 21 reuters beigene 6160hk said tuesday entered agreement biotech company ensem therapeutics acquire global license cancer therapy ready enter earlystage trial term deal ensem receive upfront payment eligible additional payment totaling 133 billion achievement certain milestone addition tiered royalty,nov 21 reuters beigene 6160hk said t Tuesday entered agreement biotech company ensem therapeutics acquire global license cancer therapy ready. Ensem is a biotech company that specializes in developing cancer treatments. The deal is expected to close in the second half of this year.
sept 19 reuters drugmaker beigene 6160hk said tuesday would regain right develop manufacture cancer drug termination deal swiss drugmaker novartis novns agreement deal signed 2021 company jointly developing drug tevimbra drug currently review us food drug administration treatment type esophageal cancer prior chemotherapy,"Swiss drugmaker beigene 6160hk said t Tuesday would regain right to develop manufacture cancer drug termination deal. Beigene said it would not be able to develop or manufacture cancer drugs for the next five years after termination deal with Swiss drugmaker. Beige said it will not be allowed to develop, manufacture or test cancer drugs."
brukinsa first btk inhibitor approved follicular lymphoma european union approval based result rosewood trial brukinsa plus anticd20 monoclonal antibody obinutuzumab achieved higher overall response rate compared obinutuzumab alone beigene ltd bgne hkex 06160 sse 688235 global biotechnology company today announced european commission ec granted marketing authorization brukinsa® zanubrutinib combination obinutuzumab treatment adult patient relapsed refractory rr follicular lymphoma fl received least two prior line systemic therapy mark fourth indication european union eu brukinsa approved treat patient population eu brutons tyrosine kinase btk inhibitor approval excited announce brukinsa become available treatment option patient follicular lymphoma european union brukinsa first btk inhibitor approved indication broadest label medicine class globally said mehrdad mobasher md mph chief medical officer hematology beigene milestone mark significant advancement effort combat disease providing new effective treatment option patient either failed respond initial therapy experienced relapse ec approval based positive result rosewood nct03332017 global randomized openlabel phase 2 study brukinsa plus obinutuzumab compared obinutuzumab alone 217 patient rr fl received least two prior line systemic therapy study overall response rate 690 brukinsa plus obinutuzumab arm versus 458 obinutuzumab arm p 00012 median followup approximately 20 month responses durable 18month landmark duration response dor 693 brukinsa combination arm additionally median progressionfree survival pfs patient treated brukinsa plus obinutuzumab 280 month compared 104 month patient treated obinutuzumab hr 050 95 ci 033 075 p 00007 brukinsa plus obinutuzumab generally welltolerated safety result consistent previous study medicine people living follicular lymphoma often experience relapse poor response subsequent line therapy making imperative improve outcome said pier luigi zinzani md phd full professor haematology institute haematology seràgnoli university bologna italy result rosewood trial demonstrated significant clinical benefit brukinsa plus obinutuzumab patient relapsed refractory follicular lymphoma brukinsa chemotherapyfree oral treatment option practicechanging option eligible patient relapsed refractory follicular lymphoma addition rr fl brukinsa approved eu monotherapy treatment adult patient chronic lymphocytic leukemia adult patient marginal zone lymphoma received least one prior anticd20based therapy adult patient waldenströms macroglobulinemia received least one prior therapy firstline treatment patient unsuitable chemoimmunotherapy gerwin winter senior vice president head europe beigene noted made great progress making brukinsa available eligible patient hematological malignancy globally approval testament continued commitment bring much needed treatment option patient europe around world hope approval positive impact life many people living follicular lymphoma european union family beigene currently submission brukinsa rr fl review regulatory authority including united states us china additionally beigenes submission brukinsa rr fl review regulatory authority canada switzerland united kingdom part access consortium new active substance worksharing initiative naswsi brukinsa approved 65 market including us china eu great britain canada australia south korea switzerland selected indication development additional indication globally product information may differ country country prescribers consult product information approved respective country global brukinsa development program includes 5000 subject enrolled date 29 country region summary product characteristics brukinsa found httpswwwemaeuropaeuendocumentsproductinformationbrukinsaeparproductinformationenpdf fl second common type nonhodgkin lymphoma nhl accounting 22 percent nhl casesi across europe 122000 people year diagnosed nhlii fl slowgrowing cancer become aggressive time fl remains incurable people condition live long time fiveyear survival rate 90 percent approximately half people diagnosed fl live disease nearly 20 yearsiiiiv brukinsa small molecule inhibitor brutons tyrosine kinase btk discovered beigene scientist currently evaluated globally broad clinical program monotherapy combination therapy treat various bcell malignancy new btk continuously synthesized brukinsa specifically designed deliver complete sustained inhibition btk protein optimizing bioavailability halflife selectivity differentiated pharmacokinetics compared approved btk inhibitor brukinsa demonstrated inhibit proliferation malignant b cell within number disease relevant tissue beigene global biotechnology company discovering developing innovative oncology treatment affordable accessible cancer patient worldwide broad portfolio expediting development diverse pipeline novel therapeutic internal capability collaboration committed radically improving access medicine far patient need growing global team 10000 colleague span five continent administrative office basel beijing cambridge us learn beigene please visit wwwbeigenecom follow u linkedin x formerly known twitter press release contains forwardlooking statement within meaning private securities litigation reform act 1995 federal security law including statement regarding beigenes ability provide effective treatment option patient fl whether brukinsa practicechanging option eligible patient effect ec approval brukinsa rr fl people living rr fl family beigenes advancement anticipated clinical development regulatory submission commercialization zanubrutinib particularly treatment rr fl beigenes plan commitment aspiration goal heading beigene actual result may differ materially indicated forwardlooking statement result various important factor including beigenes ability demonstrate efficacy safety drug candidate clinical result drug candidate may support development marketing approval action regulatory agency may affect initiation timing progress clinical trial marketing approval beigenes ability achieve commercial success marketed medicine drug candidate approved beigenes ability obtain maintain protection intellectual property medicine technology beigenes reliance third party conduct drug development manufacturing commercialization service beigenes limited experience obtaining regulatory approval commercializing pharmaceutical product ability obtain additional funding operation complete development drug candidate achieve maintain profitability risk fully discussed section entitled risk factors beigenes recent quarterly report form 10q well discussion potential risk uncertainty important factor beigenes subsequent filing us securities exchange commission information press release date press release beigene undertakes duty update information unless required law,brukinsa first btk inhibitor approved follicular lymphoma european union approval based on result rosewood trial. brukinsa plus antic Brukinsa is a combination of the two drugs. It is the first time a btk inhibitors has been approved for follicular  lymphoma.
whether youre looking quick bite eat sitdown experience quick caffeinated pickmeup plenty food option choose labor day favorite chain open year however location may reduced hour good idea check local location confirm store hour heading holiday annual celebration social economic achievement american worker say us department labor holiday trace root back late nineteenth century labor activist pushed federal holiday recognize many contribution worker made americans strength prosperity wellbeing according department restaurant fast food chain open sept 4 2023 hours vary location mcdonalds location open labor day check hour local restaurant chickfila restaurant open labor day although may limited operating hour check hour local restaurant chickfila app find restaurant tab website starbucks store hour vary location find hour specific store using starbucks app yes dunkin store hour vary location customers check hour local store using dunkin app online store locator hours vary location check local taco bells hour ihop hour vary location check local restaurant hour hours vary location check hour local applebees restaurant whats open labor daysee full list restaurant grocery store retail restaurant major chain operating normal business hour unless noted otherwise • texas roadhouse customers encouraged contact local restaurant check specific hour operation,"whether youre looking quick bite eat sitdown experience quick caffeinated pickmeup plenty food option choose labor day favorite chain open year however location. Whether you're looking quick bites eat sit down experience quick coffee pickmeups plenty food options choose labor Day favorite chain. Whether it's a quick bite or a sitdown, there's plenty of food option for you."
federal judge new york dismissed lawsuit accused mcdonald’s wendy’s misleading consumer ad show bigger juicier burger restaurant actually serve opinion released weekend us district judge hector gonzalez said image companies’ website plaintiff challenging note weight meat calorie burger contains gonzalez also said plaintiff justin chimienti failed prove reasonable customer would misled ad gonzalez said ad considered “puffery” akin companies’ use model make product visually appealing suit one several false advertising lawsuit filed recently fast food company new york attorney james kelly message seeking comment kelly left tuesday associated press august federal judge florida refused dismiss class action lawsuit kelly filed burger king claiming company’s ad overstate amount meat whopper burger sandwich kelly also sued taco bell arby’s lawsuits accusing food beverage company misleading customer putting fewer chip expected bag advertising artificial flavor real “vanilla” example grown common recent year perkins coie law firm track class action suit said 214 filed food beverage company 2022 101 filed first six month year that’s big increase 2010 45 filed,federal judge new york dismissed lawsuit accused mcdonalds wendy’s misleading consumer ad show bigger juicier. Judge dismissed lawsuit accusing mcdonald’S of misleading consumers with ‘bigger juicer’ and ‘happier’
future fast food delivery diners within 12mile radius brandonvalrico chickfila central florida option spicy chicken sandwich milkshake delivered via drone limited time drone delivery available 10 6 pm monday friday restaurant announced social medium last week fast food joint said hope expand 2mile radius near future restaurant partnered droneup virginiabased tech company also launched drone delivery service tampa walmart last year tampa bay times reported popular fried chicken chain declined share drone delivery would introduced next “we early stage testing drone delivery small number chickfila restaurants” chickfila spokesperson chelsea lee told local newspaper email customers must select “drone delivery” option chickfila app special service employee load food order cardboard box attach box drone outside restaurant according video posted restaurant showing process work drone fly food destination lower box cable drop gently ground customer pick drinks sealed leaving restaurant also delivered location said “just got – super fast food hot perfect – thanks” one satisfied customer commented restaurant’s facebook page another posted video delivery dropped home “the exciting thing ever” quipped drones latest delivery innovation chickfila trying company announced last may testing autonomous delivery vehicle select restaurant across country,future fast food delivery diners within 12mile radius. brandonvalrico chickfila central florida option spicy chicken sandwich milksh. option spicy Chicken Sandwich milkshake. option  chicken sandwich and milkshakes. option chickfila.com.
yum brands topped wall street estimate thirdquarter result wednesday reboot popular menu item taco bell promotional deal kfc pulled budgetstrapped customer looking cheaper restaurant meal company banked aggressive promotion limitedtime offer drive demand return fanfavorite volcano menu 5 box taco bell helping chain outpace broader slowdown restaurant industry taco bell’s deal aided 2 3 increase customer transaction brand quarter yum brands ceo david gibbs said postearnings call “there pressure us consumer … certainly industry softened little bit … u though us much favorable situation taco bell majority sale profit country” gibbs added taco bell also plan improve loyalty program bid boost order frequency spending starting next year chain would make easier member earn redeem point offer perk early access new product meanwhile pizza hut losing market share rival including papa john’s papa murphy’s lesser extent little caesars loss noticeably worsening september data research firm science showed “we’ve seen lot competition pizza space … driving incremental weakness pizza hut” said sante faustini iii director product intelligence science pizza hut’s global samestore sale growth 1 lagged estimate 208 quarter according lseg data global samestore sale taco bell kfc jumped betterthanexpected 8 6 respectively company’s overall samestore sale rose 6 beating estimate 473 increase,"yum brands topped wall street estimate thirdquarter result wednesday reboot popular menu item taco bell promotional deal kfc pulled budgetstrapped customer looking. kfc pulls budgetstrapping customer looking by offering a $1,000 gift card to customers who buy a $100 gift card from kfc."
fancy taco bells nacho fries fastfood chain two new deal cooking make month nacho fries new nacho fries lovers pass 10 pas available taco bell rewards members get regular order nacho fries every day 30 consecutive day become rewards member sign taco bell app dec 4 taco bell new twist popular nacho fries dish grilled cheese nacho fries limitedtime menu item 499 available starting thursday nov 16 feature seasoned fry topped mozzarella monterey pepper jack cheddar cheese grilled steak also ordered jalapeños new limitedtime menu item taco bell also available thursday nov 16 • chicken quesadilla combo 889 price may vary slightly quesadilla crunchy taco fountain drink • 5 cravings box meal made chalupa supreme beefy 5layer burrito crunchy taco cinnamon twists medium drink • rolled chicken tacos snack marinated allwhitemeat chicken fried corn tortilla ordered 2pack 299 1 dip 4pack 549 2 dip rolled chicken tacos deluxe cravings box 2pack rolled chicken tacos 1 dip seasoned beef chalupa supreme beefy 5layer burrito cinnamon twists medium drink food recallmore cantaloupe product added recall possible salmonella contamination tuesday nov 21 taco bell rewards members get free delivery build meal 4 2499 – choose get 4 taco bells 3 classic menu item burrito burrito two side including nacho fry add four medium drink 4 participating location supply last available order ahead pickup via online app delivery taco bell app available instore taco bell lover chicago get taste test new dish breakfast tots tot come seasoned scrambled egg choice bacon sausage topped melted mozzarella pepper jack cheddar cheese 349449 depending choice protein • nov 16nov 22 members doordashs dasspass get 5 order 20 order grilled cheese nacho fries • nov 21 free beef soft taco order 20 uber eats active uber one customer • nov 24nov 26 3 20 order doordash uber eats postmates grubhub dinner hour 5pm9pm whats everyone talking sign trending newsletter get latest news day,fancy taco bells nacho fries fastfood chain two new deal cooking make month nacho fries. 10 pas available available. Nacho fries lovers pass 10 pas on their way to get their fix of the fast-food treat. The 10 pas are available for a limited time only.
taco bell serving new toasted breakfast tacos giving away free next three taco tuesdays toasted breakfast tacos new menu option made egg melted cheese choice bacon sausage potato grilled tortilla priced 149 fast food chain also offering limited time vegan sauce nacho fries crispy seasoned fry certified vegan returned menu sept 28 available large size 299 addition regular size 219 ordered vegan sauce – made soybean oil chickpea protein ingredient – price get free toasted breakfast taco taco bell taco bell rewards members get free toasted breakfast taco within taco bell app next three tuesdays oct 17 oct 24 oct 31 purchase necessary also bought taco lover’s pass earlier month make toasted breakfast taco taco choice pas cost 10 unlocks option app choose type taco – example also include crunchy taco supreme doritos locos tacos – get restaurant 30 consecutive day • friday oct 13 get 3 order 13 taco bell app 1 per user • saturday oct 14 get free cinnamon twist delight order 1 1 per user national desert day • oct 16oct 20 free nacho fries order 15 11 2 pm local time doordash ubereats postmates grubhub nutrition detail taco bells toasted breakfast bacon taco according restaurant chain nutrition detail taco bells nacho fries vegan sauce according restaurant chain whats everyone talking sign trending newsletter get latest news day,taco bell serving new toasted breakfast tacos giving away free next three taco tuesdays toasted Breakfast Tacos. New menu option made egg melted on new breakfast tacos. Toasted Breakfast tacos are served with a toasted egg or with a plain egg McMuffin.
oct 30 reuters mcdonalds mcdn beat wall street estimate thirdquarter profit sale monday powered new launch well steady demand cheaper burger fry diner struggling stillhigh food price shares company rose 2 261 premarket trading also raised quarterly cash dividend 10 burger giant able keep meal relatively affordable following industrywide hike price last year helping counter trend inflationhit consumer opting eat home decline footfall global comparable sale mcdonalds jumped 88 quarter ended sept 30 analyst average expected 736 rise according lseg data drawing history menu enhancement mcdonalds launched cheesy jalapeno bacon quarter pounder july brought back fanfavorite spicy chicken mcnuggets menu september item likely drove solid sale growth third quarter ubs analyst noted overall dining traffic fell three month quarter mcdonalds saw 73 jump july data placerai showed footfall strength company tapered next two month recording decline 11 37 remained ahead broader industry trend comparable sale united states climbed 81 quarter beating estimate 74 increase thanks also higher average spending store meanwhile samestore sale mcdonalds international operated market increased 83 edging past expectation 803 growth total quarterly revenue increased 14 669 billion beating estimate 658 billion net income rose 232 billion 317 per share 198 billion 268 per share year earlier adjusted basis mcdonalds posted pershare profit 319 handily beating estimate 300,oct 30 reuters mcdonalds mcdn beat wall street estimate thirdquarter profit sale monday powered new launch well. steady demand steady demand cheaper burger fry. McDonalds beat wall Street estimate third quarter profit sale sale m Monday powered new release well steady demand. McDonald's beat wallStreet estimate third quarterly profit sale Monday.
whether dip drizzle put chicken nugget french fry mcdonald’s sauce assortment expanding fall fast food chain announced tuesday adding two new limitededition sauce us menu two week new sauce — mcdonald’s sweet spicy jam mcdonald’s mambosauce — hit menu oct 9 according news release company whopper really smallburger king must face whopper lawsuit alleging burger small say judge mcdonalds two new sauce heres new limitededition duo • sweet spicy jam chain describes breakfastinspired jammy red pepper dipping sauce tonguenumbing szechuan peppercorn kick also includes apple cider vinegar cayenne pepper • mambosauce one described mcds tomatobased sweet spicy vinegary sauce inspired washington dc area sauce staple company came new sauce exploring incredible taste flavor found community across country tariq hassan chief marking customer experience officer chain said news release sauce live intersection flavor culturepulling decade rich food history tradition local restaurant home kitchen bringing delicious spice sweetness kick heat know today’s customer craving hassan said mcds said teaming six foodie content creator review sauce share pairing suggestion idea customer respective tiktok channel creator mreats305 sharidyonne santanakeish misslegarda natelovlogs blackgirlsexploredc we’re passing mic biggest sauce fan — food content creator — get authentic reaction first drizzle dip bite hassan said creator mreats305 sharidyonne santanakeish misslegarda natelovlogs blackgirlsexploredc natalie neysa alund senior correspondent usa today reach nalundusatodaycom follow x platform formerly known twitter nataliealund,McDonald’s is expanding its dipping options. The fast food chain announced tuesday adding two dipping sauces to its menu. The sauces will be available in two different dipping sauces: dipping sauce and dipping sauce drizzle. The company is also adding a dipping sauce option to its fries.
parent company taco bell kfc pizza hut using artificial intelligence upsell taco wing pizza yum brands executive told analyst wednesday they’re using ai increase sale select restaurant goal using emerging technology location coming year artificial intelligence system suggests menu item tested handful restaurant california yum brands chief financial officer chris turner told investor company reported thirdquarter earnings say many restaurant testing new technology yum brands representative immediately respond message seeking comment yum reported solid three month company sold 171 billion fast food third quarter 4 increase compared period last year overall store sale grew 6 one company’s major restaurant chain however saw tepid growth pizza hut’s store sale grew 1 quarter ended sept 30 compared period last year turner said ai cuttingedge technology intended make worker efficient necessarily replace system “is early stage piloting free team member time allow focus customer experience” said turner explain exactly ai system work said taco bell yum brands restaurant use data customer loyalty program customize order company’s first flirtation artificial intelligence yum brands already employ ai predict inventory item needed individual store help general manager keep inventory stocked,parent company taco bell kfc pizza hut using artificial intelligence upsell taco wing pizza yum brands executive told analyst wednesday they’re using the technology to upsell tacos and pizzas. The company has not revealed how much money it has made from the technology so far.
announced collaboration nike may 2023 strava launched integration nike run club nrc nike training club ntc apps new integration enables athlete nike’s leading fitness apps track workout connect community across strava nike platform nike member using nrc ntc apps begin syncing workout strava simply authorizing integration apps setting addition nrc ntc activity uploads strava nike member access • nike’s expert content nikebranded club featuring tip guidance motivation nike’s coach athlete including coach bennett chelsea cox jes woods • challenges strava around shared goal enabling athlete also track progress unlock nike reward • strava global community 750000 club live within strava platform “people keep people active – strava platform athlete go 21 farther workout last 10 longer group” said mateo ortega vice president connected partnerships strava “our mission help connect community motivation get moving – whether local run club connect inperson inspiration top athlete coach we’ve seen nike club strava” nike latest app provider join strava’s platform engages 100 million athlete worldwide athletes new york city celebrate launch integration joining nike strava community run saturday september 23 starting nike well collective battery park,"announced collaboration nike may 2023 strava launched integration nike run club nrc nike training club ntc apps new integration enables athlete to train and compete with each other. nike and strava will launch a partnership in the summer of 2023. strava is a joint venture between strava and Nike, with a focus on training and competition."
strava made possible nike run club nrc nike training club ntc apps work together partnership nike first announced may 2023 new feature athlete using nike’s top fitness apps keep better record workout connect people strava nike platform members nike use nrc ntc apps start syncing workout strava allow integration setting section apps along able upload nrc ntc activity strava nike member also able nike’s expert content nikebranded club advice tip motivation coach bennett chelsea cox jes woods nike coach athlete cost join nike run club shoe sale bring lot money nike they’re killing it’s like steve jobs said company meeting nike respect athlete app proof strava offer training app description say still beta summit 5amonth pro plan let share track location real time well offer training programme report useful information new trail ability set monitor goal lot heart rate monitor gps tracker work strava list pretty long nike run club hand work nike training club app help work home nike run club v strava user interface ease use nike run club nrc sleek visually appealing interface focus simple easy use design clean make experience nice look user top nrc offer high level customization making coaching plan specific user’s preference running habit personal touch make whole experience better user making interesting relevant fitness goal strava hand based data geared towards people like detailed analytics run activity platform famous segmentfocused approach let user compete certain route interface make segment stand help create competitive communitydriven environment strava’s platform full useful feature let keep track analyse workout user may find feature much first advanced setting let finetune customise tracking experience nike run club work many social medium site user share running accomplishment recap photo directly facebook instagram twitter feature runner show progress people outside nike run club community integration make easier user interact existing social network get support maybe even get people join platform strava hand known lot way connect people let user share they’re different social medium site also encourages make friend within app users strava connect friend follow athlete join club challenge make strava platform lively helpful place nike run club mostly runner’s experience individual give runner way keep track progress set goal get audioguided workout however nike run club doesn’t offer lot way talk simple social feature let user share photo run summary achievement friend right app interact way much fitness apps’ communication tool community social aspect strava hand important people use strava stay touch friend join club take part challenge platform let user leave detailed comment activity support share thought talk specific run route another feature strava called “segments” let user race see set fastest time certain part route make platform competitive fun use nike run club v strava one consider strava nike run club nrc two popular running apps available today apps provide wide range feature enable user keep track run establish goal connect runner hand number significant distinction two application may result one working better,strava made possible nike run club nrc nike training club ntc apps work together partnership nike first announced may 2023. nike will launch a training club in the United States in the fall of 2015. The club will be based in New York City.
nike nysenke leader come consumer sportswear apparel footwear firm long history producing highly innovative attractive marketleading product across multiple product category made firm household name sporting good le stellar earnings 2022 early 2023 soured investor sentiment towards firm fundamental profitability pricing power remains unharmed current potentially 29 undervaluation share derived value corners intrinsic value calculation suggests great value opportunity may exist stock market leading firm rate nike strong buy believe could great longterm value play nike american athletic apparel footwear company headquartered beaverton oregon firm grown rapidly past 60 year become world largest supplier athletic shoe apparel also developed extensive sport equipment business firm operates footwear apparel sport equipment business across variety athletic market become household name within space iconic trademark tagline swoosh logo also become status symbol positively viewed popular culture especially across younger demographic buyer although firm struggled match historic fiscal performance level past three year nike slowly surely finding stride move towards directtoconsumer dtc oriented distribution approach proven costly firm yield benefit long term john donahoe ceo company since late 2019 overseen troubled time firm nonetheless believe donahoe ability vision required guide nike back record level profitability firm dtc pivot begin bear fruit despite incredibly competitive continuously changing nature athletic apparel footwear market believe nike carved wide strong economic moat firm built moat upon brand power technological advantage diverse set revenue stream target multiple different market segment nike sell design manufacture distributes apparel footwear sport equipment allows nike rapidly efficiently create unique differentiated design help firm stand competition within market history producing market leading shoe apparel combined effective marketing including iconic slogan nike managed develop brand attractive higherend choice consumer prestigious status associated nike brand allows firm enjoy significant pricing power many product priced higher level competitor ability command higher price good creates positive feedback loop customer evaluate nike product based price rather perceived quality technology image good posse believe image nike constructed around brand combined massive scale upon operate increase attractiveness product eye consumer tangible manner hypothesis supported higher pricing associated product nike also operates jordan brand casual footwear apparel allowed along nike branded footwear product company target ultrahighend segment footwear segment many iconic jordan nike sneaker retail upwards 800 provides significant margin brand reputation firm firm also operates wholly owned converse brand sneaker tennis shoe believe segment iconic rich history provides little economic moat firm product essentially interchangeable competing brand vans made vf also believe extensive brand partnership nike forged many world popular athlete team increase brand pricing power material extent sponsorship deal like lebron james serena williams tiger woods christiano ronaldo increase appeal product eye million amateur athlete across world teamlevel sponsorship deal also allow firm increase presence within essentially major sporting area cement product eye consumer professionally approved choice sponsorship deal increase pricing power nike enjoys within market nike also derives significant economic moat ability knowledge innovate effectively within mostly mature footwear apparel space throughout decade nike created cuttingedge shoe sportswear date industry changing breakthrough happening approximately five year rapid rate innovation allowed nike outpace competitor ensure shoe particular remain technologically advanced offering market tangible competitive advantage business product perspective allows firm differentiate competition charge premium price shoe finally nike longer sportswear company firm rapidly begun expanding presence within digital service space firm nike membership allows consumer purchase subscription nike designed operated digital service including host apps nike run club training club snkrs nike membership also offer customer exclusive deal free shipping access special event launch drive appeal brand luxury exclusive choice digital business segment help drive economic moat firm moving forward allows customer become even devoted loyal brand integrating nike apps lifestyle run training club apps particular become incredibly popular thanks innovative feature large userbase present app fundamentally believe nike managed carveout wide robust economic moat industry competitor enjoy either narrow moat unique product combined massive marketing power allowed firm differentiate competition charge premium price product pricing power allows nike earn consistently outsized return invested capital believe firm continue dominate sportswear market least next 15 year come usually allocate 2025year competitive advantage stemming wide economic moat believe 15year timeframe suitable nike due highly competitive nature sportswear market continuously changing taste preference held consumer within space operating performance perspective nike absolute profitability powerhouse firm 5y average gross operating net margin 4453 1258 1023 incredibly robust especially given highly competitive nature sportswear market environment believe core profitability metric illustrate support hypothesis nike enjoys tangible pricing power advantage competitor nikes 5y average roa roe roic 1422 3921 2226 respectively highlight efficient firm regard business operation last 10 year nikes margin essentially remained unchanged overall sale revenue grown massively illustrates firm remained fiscally responsible throughout rapid growth cycle continue enjoy dominant position within market whole examining nikes fy23 recent start fy24 clear firm still firing cylinder despite challenging macroeconomic condition initially turbulent transition towards heavily dtc focused distribution network fy23 saw nike grow total revenue 10 yoy 5122b growth revenue constant currency basis 16 strong growth revenue achieved thanks strong pricing power volume increase across north american european emea apla greater china region strong footwear sale lead charge across geographic market segment higher fullprice asp growth nike direct business also contributing success nikes north american segment remains largest 44 contribution towards total revenue however greater china region present nike largest growth opportunity thanks rapidly expanding middle class present within nation demanding luxury highend good majority nike product nike also strategically begun expanding marketing presence product china due huge investment ccp devoted towards development worldclass soccer basketball league believe nikes already massive presence within segment allow firm exploit rapid expansion two sport china therefore expect great china market segment harbor significant growth prospect nike firm pivot towards dtc model also beginning bear fruit firm whopping 44 sale attributed distribution segment fy23 nikes jordan brand also showed significant growth fy23 boasting 29 organic revenue growth fy23 considering michael jordan retired professional basketball 2003 massive enduring popularity brand even today illustrates nike expert maintaining brand reputation thus extracting huge revenue product line sale revenue perspective nike truly hit homerun 2023 suggests firm continues dominant brand across essentially ever market segment operate however fy23 saw firm gross margin contract 250 basis point 46 fy22 435 drop attributed increasing production wholesale input cost along lower margin nike direct business macroeconomic condition largely blame slight increase cogs witnessed nike fy23 drop margin nike direct business due increased promotional activity required liquidate inventory fy23 increase marketing potential increase instore sale liquidate inventory suggests weakness nikes ability sell product largely believe still due inflationary environment finally beginning decrease real disposable income consumer given nike product occupy premium position within market recessionary period could see sale decline significantly budgetoriented competitor still believe nikes branding power make product attractive consumer believe firm still earn outsized return invested capital despite slight slowdown consumer spending net income fy23 fell almost 17 yoy 605b fy22 507b weakness largely due cogs increasing substantially along marketing expense slight increase income tax expense q1 fy24 saw nikes yoy revenue growth slow 2 cogs increased equal 2 total cost selling administrative expense also increased 09 percentage revenue first quarter nike saw pressure rising pricing level marketing requirement sell product net income first quarter fell 1 yoy represents significant improvement full year 2023 result positive income statistic accompanied massive 10 reduction inventory 96b q1 fy23 87b q1 fy24 operating improvement suggest nike finally managed raise asp product wholesale nike direct channel sufficiently account rising pricing level encountered within supply network seeking alphas quant calculates profitability rating nike believe accurate representation profitability powerhouse sportswear giant nikes balance sheet outstanding shape thanks intelligent capital allocation strategy significant level fiscal restraint firm 243b total current asset total current liability amount 846b outstanding shortterm liquidity leaf firm excellent current ratio 272 healthy quick ratio 160 total asset firm amount 368b total liability 228b leaf firm excellent debtequity ratio 087 fundamentally believe nike exhibit one healthiest balance sheet major corporation currently business fiscal restraint smart utilization debt allowed company grow significantly without excessive interest fiscal burden may 31 2023 nike 893b longterm debt firm debenture fixed interest rate protects firm rising rate environment currently found united states across globe whole furthermore nikes longterm debt profile well staggered majority debenture maturing post2026 believe even maturity around 2b due 2026 easily financed nikes massive cashflows approximately 39b unlevered fcf fy23 thus negating requirement nike takeon debt moodys credit rating agency affirmed excellent a1 credit rating nikes unsecured domestic note affirmed prime1 rating domestic commercial paper outlook remains stable moodys classifies a1 credit rating highest grade representing minimum credit risk classifies prime1 shortterm debt rating highest quality considering nike whole clear firm remains incredibly profitable enterprise even despite difficult macro environment softening consumer demand pricing power clearly allowing firm command excellent margin product despite difficult market environment allow firm remain significantly profitable even recessionary environment nikes excellent capital allocation evident balance sheet outstandingly staggered debt profile moodys affirms credit risk lack thereof nikes case seeking alphas quant assigns nike f valuation grade believe inaccurate representation value present within nike stock perfectly illustrates accurate quant rating sometimes poorly represent real value company firm currently trade pe gaap fwd ratio 2605x nikes pcf fwd 2254x reasonable actually represents historically lower ratio fwd evebitda 2019x acceptable opinion especially considering firm evsales fwd 284 considering basic valuation metric alone believe nike already start appear slightly undervalued given strong continued growth prospect present firm metric elevated versus sector median quant derives letter grade nike believe nike truly outstanding firm within market absolute perspective nike share trading significant discount relative previous valuation seeking alphas chart illustrate nike produced 27 return past five year due massive selloff share starting late 2021 dropping valuation almost 40 significant negative market sentiment following nikes convoluted mixed set fiscal result late 2021 2023 soured investor sentiment led believe excessive selloff share relative valuation provided simple metric ratio along absolute comparison begin paint value picture present nike share quantitative approach valuing stock essential utilizing value corners specially formulated intrinsic valuation calculation better understand value exists company objective perspective using nikes current share price 9688 estimated 2025 eps 432 realistic r value 014 14 current moodys seasoned aaa corporate bond yield ratio 513x derive basecase iv 13600 represents substantial 29 undervaluation firm using pessimistic cagr value r 011 11 reflect scenario nike struggle increase net income due recessionary environment impacting sale negatively share still valued around 11300 representing 15 undervaluation considering valuation metric absolute valuation intrinsic value calculation believe nike firmly trading value territory short term 312 month find difficult say exactly may happen valuation market sentiment improved last quarter firm weaker anticipated q2 result could lead another selloff share tax harvesting may also lead increased selloff share many investor seek maximize tax efficiency portfolio year wind close longterm 210 year see nike strengthening position dominant player footwear sportswear industry gain market share would really possible either acquisition competitor development huge technological breakthrough believe nike well positioned benefit overall market growth china emea north america nike face significant risk stemming primarily competitive cyclical consumer discretionary market operate along substantial exposure unfavorable fx rate material esg concern nike carvedout tangible economic moat consumer sportswear footwear marketplace firm remains susceptible threat falling profitability increased competition cyclical market low entrance new trendy brand company could harm nikes image lead brand stagnation requiring increased marketing cost sportswear giant remain competitive could harm really gross operating margin significantly potential us global economy whole enter recessionary period late 2023 early 2024 also place nike risk falling consumer demand necessitating increased marketing drop asp clear inventory would decrease firm margin roic tangible manner nikes 56 exposure international market percentage total revenue also place firm position negatively impacted strengthening dollar revenue sale growth continued strong fy23 weaker international currency comparison us dollar harmed firm overall profitability slightly esg perspective nike remains engaged significant labor treatment dispute continues marred accusation poor working condition present within manufacturing network firm also recently faced accusation harboring culture sexism bullying along retaliatory approach taken management towards mistake voicing opinion controversy impacted revenue sale reputation product whole potential occur seems plausible given long enough timeframe therefore firm claimed multiple commitment ensuring equitable working condition staff across globe along desire reduce ghg emission longterm nike must execute esg promise ensure damage done invaluable brand image find difficult decide whether nike would suitable esg conscious investor however despite firm real social trouble believe lack substantial environmental governance concern could make acceptable stellar pick esg conscious investor course opinion may vary implore conduct esg sustainability research investing nike matter concern nike dominant player sportswear footwear market massive catalogue product span essentially every major sport category tactical sponsorship deal along great marketing material made product aspirational nature many consumer earned firm wide economic moat help company earn outsized roic foreseeable future company face real risk profitability believe longterm firm remain helm consumer sportswear segment furthermore current potentially 29 discount share mean nike stock finally acquired great valuation therefore rate nike strong buy deepvalue perspective believe stock could real multibagger given current discount potential significant longterm future growth new market environment youd like read deepvalue play believe yield outsized longterm investor return check recent article disney dollar general editors note article submitted part seeking alphas best value idea investment competition run october 25 cash prize competition open contributor one dont want miss interested becoming contributor taking part competition click find submit article today,nike nysenke leader come consumer sportswear apparel footwear firm long history producing highly innovative attractive marketleading product across multiple product category. Nike is the world's largest maker of basketball shoes and a leading provider of footwear and accessories. Nike has a long history of developing innovative and market-leading products.
oct 23 reuters unilever ulvrl charity supporting teenage cancer patient resolved trademark dispute unilevers use phrase done yet market degree deodorant product according filing monday new york federal court unilever im done yet foundation settled charity lawsuit principle according entry court docket representatives unilever foundation immediately respond request comment information garden city new yorkbased im done yet foundation created peter menges whose son bobby died cancer 19 support adolescent youngadult cancer patient survivor foundation lawsuit july said using name since 2018 owns federal im done yet done yet trademark according lawsuit unilevers motivational done yet ad campaign threatened cause consumer confusion hurt charity fundraising effort foundation also said unilevers use phrase connection social impact program increase risk confusion case im done yet foundation v conopco inc dba unilever us district court eastern district new york 123cv05581 foundation dyan finguerraducharme mallory chandler pryor cashman unilever attorney information available read unilever sued charity group degree done yet slogan,Ulvrl charity supporting teenage cancer patient resolved trademark dispute with Unilever. Unilevers use phrase done yet yet market degree de. unilever ulvrl. charity supporting teen cancer patient resolves trademark dispute. Ulvrl: We have no plans to trademark the phrase 'done'
london sept 19 reuters nestle said tuesday picked wpp openmind sole medium agency europe world biggest packaged food maker seek target consumer efficiently amid cost living crisis changing shopping habit scoring nestles agency business major win wpp openmind time global ad spending falling wpp wppl world top advertising group august downgraded fullyear growth forecast due lower spending technology company result contract better decisionmaking medium planning allow campaign build brand win consumer attention scale nestle spokesperson said statement wpp openmind coordinate nestles marketing communication space buying planning campaign activation 2000 brand including kit kat nescafe nestle declined comment much spends advertising europe,"london sept 19 reuters nestle said t Tuesday picked wpp openmind sole medium agency europe. world biggest packaged food maker seek. openmind is the world's largest online news agency. It is owned by Nestle, which is one of the biggest food companies in the world."
get smart news modeled sift free weekly newsletter public nlp free elearning platform checkology help educator teach middle high school student identify credible information seek reliable source know trust dismiss debunk also give student appreciation importance first amendment free press 1 dietitians paid post video tiktok instagram promoting sugar aspartame dietary supplement according analysis examination washington post canadian sugar institute american beverage represents pepsico cocacola among trade lobbying group paying influencer registered dietitian push product post often include unproven claim questionable message nutrition healthy eating it’s uncommon social medium influencers large following partner company brand create paid content investigation found many dietitian make clear connection food beverage industry 2 coordinated disinformation campaign china spread bogus aigenerated content disinformation online devastating wildfire hawaii last month adopting theme tactic similar russian operation approach researcher say represents notable shift chinese disinformation campaign previously focused supporting china’s policy rather stoking division united states researchers several organization including microsoft newsguard rand corporation identified network social medium account china built suggested may used future influence operation — like 2024 us presidential election newslit takeaway false claim often built previously laid trope narrative video smoke billowing helicopter may seem suspicious internet user exposed repeated false claim population control gates may tempted believe clip show mosquito secretly released news literacy skill reverse image search lateral reading critical thinking prevent people falling conspiratorial rabbit hole newslit takeaway removing interesting genuine footage original context sharing pertained trending discussion surefire way purveyor misinformation get click view fortunately mislabeled visuals typically easy put back original context quick reverse image search case associated press traced footage back art gallery received comment gallery owner saying “this definitely true artwork” false claim may seemed genuine viewer airline reducing size economy airline seat idea odd seating new — doubledecker seat — there’s evidence airline going start using seat anytime soon still people may find asking “if airline would else might do” thinking known slippery slope fallacious argument say occurrence one event lead extreme event frequently exploited misinformation,get smart news modeled sift free weekly newsletter public nlp free elearning platform checkology help educator teach middle high school student identify credible information. nlp is a free e-learning platform designed to help educators teach students how to use information to make informed decisions.
editorial note blueprint may earn commission affiliate partner link featured site commission influence editor opinion evaluation please view full advertiser disclosure policy “verified expert” mean article thoroughly reviewed evaluated accuracy “verified expert” mean article thoroughly reviewed evaluated accuracy you’re considering opening bank account wells fargo take note current promotion earn quick buck without much effort still promotion shouldn’t reason open account particular bank account detail annual percentage yield apys accurate november 3 2023 wells fargo currently promotion saving checking account continue reading promotion detail find qualify new wells fargo customer earn 300 bonus opening wells fargo everyday checking account person online 25 initial deposit everyday checking bank’s popular checking account contactless debit card feature like bill pay overdraft protection zelle it’s got everything need basic checking account — nothing beyond get bonus must receive total 1000 worth qualifying electronic deposit within 90 day opening account provide bonus offer code applying account order receive bonus get submitting email address account promotion webpage everyday checking account 10 monthly service fee avoid fee meeting one following requirement statement period • receive 500 total qualifying electronic deposit • age 17 24 — turn 25 age longer used avoid fee • link account wells fargo campus atm card campus debit card premier checking account offer new customer 2500 bonus begin banking relationship wells fargo premier open account person large enough balance warrant may want consider premier checking account interestbearing account feature special service discount tailored banking service additional feature perk include there’s minimum balance requirement there’s 25 opening deposit 35 waivable monthly service fee unless significant account balance wells fargo checking account may better fit earn 2500 bonus opening premier checking account opening deposit 25 meeting following criterion • bring least 250000 new deposit qualifying linked account within 45 day account opening • maintain minimum balance 250000 first 90 day account upgrade opening you’ll also need provide bonus offer code — get providing email address account promotion webpage — apply you’ll need bring code bank account available person wells fargo premier checking account 35 monthly service fee fee waived 250000 statementending qualified balance linked account customers new saving wells fargo get 525 bonus opening way2save® savings account minimum deposit 25 account opened person wells fargo way2save savings account lowcost saving account open 25 interest saving account 015 apy — nowhere near could earn opening saving account certificate deposit cd many online bank way2save account take advantage wells fargo’s widespread presence account come atm card access 12000 wells fargo atms perk include mobile banking optional overdraft protection earn 525 bonus opening new way2save account 25 opening deposit following • deposit 25000 new account within 30 day opening • maintain balance 25000 first 90 day account opening you’ll also need provide bonus offer code banker opening new account get code providing email address account promotion webpage way2save saving account 5 monthly service fee avoid meeting one requirement fee period • make one automatic transfer least 25 fee period linked wells fargo checking account • make one automatic transfer least 1 business day linked wells fargo checking account • make one save go® transfer linked wells fargo checking account • 25 year old wells fargo’s current promotion checking saving account noteworthy bank offer promotion fact earn bonus minimal effort advantage matter cash value wells fargo’s current offer comparable bank example jpmorgan chase bank offering 200 bonus opening chase total checking® account offer expires jan 24 2024 axos bank® offering 300 bonus opening rewards checking account offer expires jan 1 2024 citi bank currently advertising bonus 2000 citi® checking account need balance 300000 earn offer expires jan 9 2024 far competitor go wells fargo’s bonus part match exceed promotion aren’t thing consider opening new bank account even though wells fargo offer impressive bonus account monthly fee don’t earn much — anything — term interest don’t qualify waived monthly fee might better free checking account highyield saving account founded 1852 wells fargo one largest bank us thousand physical branch atms throughout country rates saving account low compared highyield saving account like bank person wells fargo worth considering offer full range banking product including checking saving cds credit card loan mortgage investment service,"editorial note blueprint may earn commission affiliate partner link featured on this site. For more, visit CNN.com/Blueprint. For the latest from CNN, check out our weekly Newsquiz. Follow us on Twitter @cnnbluequiz and @CNNOpinion."
